p_value,which_colldate,which_PC,comparison,group_1,group_2,groupsplit,test
0.515897423404301,t0,PC1,Control_vs_D-Scour,Control,D-Scour,all_t0,pairwise.t.test
0.967738141887893,t0,PC1,Control_vs_ColiGuard,Control,ColiGuard,all_t0,pairwise.t.test
0.408893113850836,t0,PC1,Control_vs_Neomycin,Control,Neomycin,all_t0,pairwise.t.test
0.844391296733791,t0,PC1,Neomycin_vs_Neomycin+D-Scour,Neomycin,Neomycin+D-Scour,all_t0,pairwise.t.test
0.187009232870126,t0,PC1,Neomycin_vs_Neomycin+ColiGuard,Neomycin,Neomycin+ColiGuard,all_t0,pairwise.t.test
0.139420524716223,t0,PC2,Control_vs_D-Scour,Control,D-Scour,all_t0,pairwise.t.test
0.314900269625702,t0,PC2,Control_vs_ColiGuard,Control,ColiGuard,all_t0,pairwise.t.test
0.0731554328318218,t0,PC2,Control_vs_Neomycin,Control,Neomycin,all_t0,pairwise.t.test
0.421812979047699,t0,PC2,Neomycin_vs_Neomycin+D-Scour,Neomycin,Neomycin+D-Scour,all_t0,pairwise.t.test
0.70598633393543,t0,PC2,Neomycin_vs_Neomycin+ColiGuard,Neomycin,Neomycin+ColiGuard,all_t0,pairwise.t.test
0.193011512381619,t0,PC3,Control_vs_D-Scour,Control,D-Scour,all_t0,pairwise.t.test
0.503568037263182,t0,PC3,Control_vs_ColiGuard,Control,ColiGuard,all_t0,pairwise.t.test
0.50474162338849,t0,PC3,Control_vs_Neomycin,Control,Neomycin,all_t0,pairwise.t.test
0.88211003886213,t0,PC3,Neomycin_vs_Neomycin+D-Scour,Neomycin,Neomycin+D-Scour,all_t0,pairwise.t.test
0.489127535867346,t0,PC3,Neomycin_vs_Neomycin+ColiGuard,Neomycin,Neomycin+ColiGuard,all_t0,pairwise.t.test
0.917330430672098,t0,PC4,Control_vs_D-Scour,Control,D-Scour,all_t0,pairwise.t.test
0.224928166229223,t0,PC4,Control_vs_ColiGuard,Control,ColiGuard,all_t0,pairwise.t.test
0.55538010214745,t0,PC4,Control_vs_Neomycin,Control,Neomycin,all_t0,pairwise.t.test
0.0416840732439944,t0,PC4,Neomycin_vs_Neomycin+D-Scour,Neomycin,Neomycin+D-Scour,all_t0,pairwise.t.test
0.866799278723976,t0,PC4,Neomycin_vs_Neomycin+ColiGuard,Neomycin,Neomycin+ColiGuard,all_t0,pairwise.t.test
0.0555968041382674,t0,PC5,Control_vs_D-Scour,Control,D-Scour,all_t0,pairwise.t.test
0.10644416178816,t0,PC5,Control_vs_ColiGuard,Control,ColiGuard,all_t0,pairwise.t.test
8.39191586499247e-05,t0,PC5,Control_vs_Neomycin,Control,Neomycin,all_t0,pairwise.t.test
0.109327593570096,t0,PC5,Neomycin_vs_Neomycin+D-Scour,Neomycin,Neomycin+D-Scour,all_t0,pairwise.t.test
0.0205694699222914,t0,PC5,Neomycin_vs_Neomycin+ColiGuard,Neomycin,Neomycin+ColiGuard,all_t0,pairwise.t.test
0.343716118083436,t2,PC1,Control_vs_D-Scour,Control,D-Scour,all_t2,pairwise.t.test
0.843442113995165,t2,PC1,Control_vs_ColiGuard,Control,ColiGuard,all_t2,pairwise.t.test
0.934606017545499,t2,PC1,Control_vs_Neomycin,Control,Neomycin,all_t2,pairwise.t.test
0.308042031720398,t2,PC1,Neomycin_vs_Neomycin+D-Scour,Neomycin,Neomycin+D-Scour,all_t2,pairwise.t.test
0.125330342020328,t2,PC1,Neomycin_vs_Neomycin+ColiGuard,Neomycin,Neomycin+ColiGuard,all_t2,pairwise.t.test
0.394184873362004,t2,PC2,Control_vs_D-Scour,Control,D-Scour,all_t2,pairwise.t.test
0.939960844765989,t2,PC2,Control_vs_ColiGuard,Control,ColiGuard,all_t2,pairwise.t.test
0.8928787806933,t2,PC2,Control_vs_Neomycin,Control,Neomycin,all_t2,pairwise.t.test
0.307043352529051,t2,PC2,Neomycin_vs_Neomycin+D-Scour,Neomycin,Neomycin+D-Scour,all_t2,pairwise.t.test
0.212666989260896,t2,PC2,Neomycin_vs_Neomycin+ColiGuard,Neomycin,Neomycin+ColiGuard,all_t2,pairwise.t.test
0.0194645405170095,t2,PC3,Control_vs_D-Scour,Control,D-Scour,all_t2,pairwise.t.test
0.907518923045832,t2,PC3,Control_vs_ColiGuard,Control,ColiGuard,all_t2,pairwise.t.test
0.0522995065317596,t2,PC3,Control_vs_Neomycin,Control,Neomycin,all_t2,pairwise.t.test
0.247205332039112,t2,PC3,Neomycin_vs_Neomycin+D-Scour,Neomycin,Neomycin+D-Scour,all_t2,pairwise.t.test
0.145663533814114,t2,PC3,Neomycin_vs_Neomycin+ColiGuard,Neomycin,Neomycin+ColiGuard,all_t2,pairwise.t.test
0.537343906516181,t2,PC4,Control_vs_D-Scour,Control,D-Scour,all_t2,pairwise.t.test
0.168761191937747,t2,PC4,Control_vs_ColiGuard,Control,ColiGuard,all_t2,pairwise.t.test
0.256240103155152,t2,PC4,Control_vs_Neomycin,Control,Neomycin,all_t2,pairwise.t.test
0.719302259758849,t2,PC4,Neomycin_vs_Neomycin+D-Scour,Neomycin,Neomycin+D-Scour,all_t2,pairwise.t.test
0.380084648680943,t2,PC4,Neomycin_vs_Neomycin+ColiGuard,Neomycin,Neomycin+ColiGuard,all_t2,pairwise.t.test
0.508768342092182,t2,PC5,Control_vs_D-Scour,Control,D-Scour,all_t2,pairwise.t.test
0.982554162397459,t2,PC5,Control_vs_ColiGuard,Control,ColiGuard,all_t2,pairwise.t.test
0.978347248743757,t2,PC5,Control_vs_Neomycin,Control,Neomycin,all_t2,pairwise.t.test
0.931643999524667,t2,PC5,Neomycin_vs_Neomycin+D-Scour,Neomycin,Neomycin+D-Scour,all_t2,pairwise.t.test
0.424828971330936,t2,PC5,Neomycin_vs_Neomycin+ColiGuard,Neomycin,Neomycin+ColiGuard,all_t2,pairwise.t.test
0.269076142591512,t4,PC1,Control_vs_D-Scour,Control,D-Scour,all_t4,pairwise.t.test
0.0880324629764316,t4,PC1,Control_vs_ColiGuard,Control,ColiGuard,all_t4,pairwise.t.test
0.175205317856014,t4,PC1,Control_vs_Neomycin,Control,Neomycin,all_t4,pairwise.t.test
0.479937530189349,t4,PC1,Neomycin_vs_Neomycin+D-Scour,Neomycin,Neomycin+D-Scour,all_t4,pairwise.t.test
0.114525911921479,t4,PC1,Neomycin_vs_Neomycin+ColiGuard,Neomycin,Neomycin+ColiGuard,all_t4,pairwise.t.test
0.117038058842888,t4,PC2,Control_vs_D-Scour,Control,D-Scour,all_t4,pairwise.t.test
0.127169555449887,t4,PC2,Control_vs_ColiGuard,Control,ColiGuard,all_t4,pairwise.t.test
0.652080562166058,t4,PC2,Control_vs_Neomycin,Control,Neomycin,all_t4,pairwise.t.test
0.900849727238556,t4,PC2,Neomycin_vs_Neomycin+D-Scour,Neomycin,Neomycin+D-Scour,all_t4,pairwise.t.test
0.459726899333487,t4,PC2,Neomycin_vs_Neomycin+ColiGuard,Neomycin,Neomycin+ColiGuard,all_t4,pairwise.t.test
0.785526627837853,t4,PC3,Control_vs_D-Scour,Control,D-Scour,all_t4,pairwise.t.test
0.132128471728117,t4,PC3,Control_vs_ColiGuard,Control,ColiGuard,all_t4,pairwise.t.test
0.109988396805915,t4,PC3,Control_vs_Neomycin,Control,Neomycin,all_t4,pairwise.t.test
0.998958169013567,t4,PC3,Neomycin_vs_Neomycin+D-Scour,Neomycin,Neomycin+D-Scour,all_t4,pairwise.t.test
0.563093852318471,t4,PC3,Neomycin_vs_Neomycin+ColiGuard,Neomycin,Neomycin+ColiGuard,all_t4,pairwise.t.test
0.312380757556116,t4,PC4,Control_vs_D-Scour,Control,D-Scour,all_t4,pairwise.t.test
0.842578959379799,t4,PC4,Control_vs_ColiGuard,Control,ColiGuard,all_t4,pairwise.t.test
0.255047264882317,t4,PC4,Control_vs_Neomycin,Control,Neomycin,all_t4,pairwise.t.test
0.327879504415003,t4,PC4,Neomycin_vs_Neomycin+D-Scour,Neomycin,Neomycin+D-Scour,all_t4,pairwise.t.test
0.892672336735657,t4,PC4,Neomycin_vs_Neomycin+ColiGuard,Neomycin,Neomycin+ColiGuard,all_t4,pairwise.t.test
0.730725879745777,t4,PC5,Control_vs_D-Scour,Control,D-Scour,all_t4,pairwise.t.test
0.668839699464992,t4,PC5,Control_vs_ColiGuard,Control,ColiGuard,all_t4,pairwise.t.test
0.190430173890628,t4,PC5,Control_vs_Neomycin,Control,Neomycin,all_t4,pairwise.t.test
0.636079269714523,t4,PC5,Neomycin_vs_Neomycin+D-Scour,Neomycin,Neomycin+D-Scour,all_t4,pairwise.t.test
0.613312753725783,t4,PC5,Neomycin_vs_Neomycin+ColiGuard,Neomycin,Neomycin+ColiGuard,all_t4,pairwise.t.test
0.0825177734330597,t6,PC1,Control_vs_D-Scour,Control,D-Scour,all_t6,pairwise.t.test
0.265079209455195,t6,PC1,Control_vs_ColiGuard,Control,ColiGuard,all_t6,pairwise.t.test
0.408556463391832,t6,PC1,Control_vs_Neomycin,Control,Neomycin,all_t6,pairwise.t.test
0.65202670531649,t6,PC1,Neomycin_vs_Neomycin+D-Scour,Neomycin,Neomycin+D-Scour,all_t6,pairwise.t.test
0.380369248012798,t6,PC1,Neomycin_vs_Neomycin+ColiGuard,Neomycin,Neomycin+ColiGuard,all_t6,pairwise.t.test
0.0049377411694381,t6,PC2,Control_vs_D-Scour,Control,D-Scour,all_t6,pairwise.t.test
0.851267482957363,t6,PC2,Control_vs_ColiGuard,Control,ColiGuard,all_t6,pairwise.t.test
0.872059715727152,t6,PC2,Control_vs_Neomycin,Control,Neomycin,all_t6,pairwise.t.test
0.00242587763912963,t6,PC2,Neomycin_vs_Neomycin+D-Scour,Neomycin,Neomycin+D-Scour,all_t6,pairwise.t.test
0.734448141036398,t6,PC2,Neomycin_vs_Neomycin+ColiGuard,Neomycin,Neomycin+ColiGuard,all_t6,pairwise.t.test
0.797807498295663,t6,PC3,Control_vs_D-Scour,Control,D-Scour,all_t6,pairwise.t.test
0.726742173102976,t6,PC3,Control_vs_ColiGuard,Control,ColiGuard,all_t6,pairwise.t.test
0.757699859101985,t6,PC3,Control_vs_Neomycin,Control,Neomycin,all_t6,pairwise.t.test
0.613180872297385,t6,PC3,Neomycin_vs_Neomycin+D-Scour,Neomycin,Neomycin+D-Scour,all_t6,pairwise.t.test
0.75733080873925,t6,PC3,Neomycin_vs_Neomycin+ColiGuard,Neomycin,Neomycin+ColiGuard,all_t6,pairwise.t.test
0.367933724079037,t6,PC4,Control_vs_D-Scour,Control,D-Scour,all_t6,pairwise.t.test
0.803915834646712,t6,PC4,Control_vs_ColiGuard,Control,ColiGuard,all_t6,pairwise.t.test
0.0194262092641044,t6,PC4,Control_vs_Neomycin,Control,Neomycin,all_t6,pairwise.t.test
0.0553391714230358,t6,PC4,Neomycin_vs_Neomycin+D-Scour,Neomycin,Neomycin+D-Scour,all_t6,pairwise.t.test
0.131668550222262,t6,PC4,Neomycin_vs_Neomycin+ColiGuard,Neomycin,Neomycin+ColiGuard,all_t6,pairwise.t.test
0.593393232705765,t6,PC5,Control_vs_D-Scour,Control,D-Scour,all_t6,pairwise.t.test
0.497901484166954,t6,PC5,Control_vs_ColiGuard,Control,ColiGuard,all_t6,pairwise.t.test
0.212274671126762,t6,PC5,Control_vs_Neomycin,Control,Neomycin,all_t6,pairwise.t.test
0.0266212692577218,t6,PC5,Neomycin_vs_Neomycin+D-Scour,Neomycin,Neomycin+D-Scour,all_t6,pairwise.t.test
0.0970301573972078,t6,PC5,Neomycin_vs_Neomycin+ColiGuard,Neomycin,Neomycin+ColiGuard,all_t6,pairwise.t.test
0.133670447561562,t8,PC1,Control_vs_D-Scour,Control,D-Scour,all_t8,pairwise.t.test
0.687308410093603,t8,PC1,Control_vs_ColiGuard,Control,ColiGuard,all_t8,pairwise.t.test
0.751955581591061,t8,PC1,Control_vs_Neomycin,Control,Neomycin,all_t8,pairwise.t.test
0.91489215943178,t8,PC1,Neomycin_vs_Neomycin+D-Scour,Neomycin,Neomycin+D-Scour,all_t8,pairwise.t.test
0.95185701712522,t8,PC1,Neomycin_vs_Neomycin+ColiGuard,Neomycin,Neomycin+ColiGuard,all_t8,pairwise.t.test
0.227422578398318,t8,PC2,Control_vs_D-Scour,Control,D-Scour,all_t8,pairwise.t.test
0.666515378232045,t8,PC2,Control_vs_ColiGuard,Control,ColiGuard,all_t8,pairwise.t.test
0.163845170071361,t8,PC2,Control_vs_Neomycin,Control,Neomycin,all_t8,pairwise.t.test
0.620273975601288,t8,PC2,Neomycin_vs_Neomycin+D-Scour,Neomycin,Neomycin+D-Scour,all_t8,pairwise.t.test
0.39996970430219,t8,PC2,Neomycin_vs_Neomycin+ColiGuard,Neomycin,Neomycin+ColiGuard,all_t8,pairwise.t.test
0.0289270086156824,t8,PC3,Control_vs_D-Scour,Control,D-Scour,all_t8,pairwise.t.test
0.266025253033468,t8,PC3,Control_vs_ColiGuard,Control,ColiGuard,all_t8,pairwise.t.test
0.0688766132585242,t8,PC3,Control_vs_Neomycin,Control,Neomycin,all_t8,pairwise.t.test
0.240635184381707,t8,PC3,Neomycin_vs_Neomycin+D-Scour,Neomycin,Neomycin+D-Scour,all_t8,pairwise.t.test
0.00338667888266192,t8,PC3,Neomycin_vs_Neomycin+ColiGuard,Neomycin,Neomycin+ColiGuard,all_t8,pairwise.t.test
0.00897456864932161,t8,PC4,Control_vs_D-Scour,Control,D-Scour,all_t8,pairwise.t.test
0.0197898303578728,t8,PC4,Control_vs_ColiGuard,Control,ColiGuard,all_t8,pairwise.t.test
0.0132183697163132,t8,PC4,Control_vs_Neomycin,Control,Neomycin,all_t8,pairwise.t.test
0.890335081276741,t8,PC4,Neomycin_vs_Neomycin+D-Scour,Neomycin,Neomycin+D-Scour,all_t8,pairwise.t.test
0.573795716053282,t8,PC4,Neomycin_vs_Neomycin+ColiGuard,Neomycin,Neomycin+ColiGuard,all_t8,pairwise.t.test
0.0969458013664561,t8,PC5,Control_vs_D-Scour,Control,D-Scour,all_t8,pairwise.t.test
0.118146619480075,t8,PC5,Control_vs_ColiGuard,Control,ColiGuard,all_t8,pairwise.t.test
0.325614439489178,t8,PC5,Control_vs_Neomycin,Control,Neomycin,all_t8,pairwise.t.test
0.711897072441231,t8,PC5,Neomycin_vs_Neomycin+D-Scour,Neomycin,Neomycin+D-Scour,all_t8,pairwise.t.test
0.85361587214854,t8,PC5,Neomycin_vs_Neomycin+ColiGuard,Neomycin,Neomycin+ColiGuard,all_t8,pairwise.t.test
0.776999573106864,t9,PC1,Control_vs_D-Scour,Control,D-Scour,all_t9,pairwise.t.test
0.81521153875549,t9,PC1,Control_vs_ColiGuard,Control,ColiGuard,all_t9,pairwise.t.test
0.587475466433624,t9,PC1,Control_vs_Neomycin,Control,Neomycin,all_t9,pairwise.t.test
0.983890411874538,t9,PC1,Neomycin_vs_Neomycin+D-Scour,Neomycin,Neomycin+D-Scour,all_t9,pairwise.t.test
0.628700849361068,t9,PC1,Neomycin_vs_Neomycin+ColiGuard,Neomycin,Neomycin+ColiGuard,all_t9,pairwise.t.test
0.654812025091925,t9,PC2,Control_vs_D-Scour,Control,D-Scour,all_t9,pairwise.t.test
0.400933729796031,t9,PC2,Control_vs_ColiGuard,Control,ColiGuard,all_t9,pairwise.t.test
0.209951136168138,t9,PC2,Control_vs_Neomycin,Control,Neomycin,all_t9,pairwise.t.test
0.92517969403281,t9,PC2,Neomycin_vs_Neomycin+D-Scour,Neomycin,Neomycin+D-Scour,all_t9,pairwise.t.test
0.588490334497702,t9,PC2,Neomycin_vs_Neomycin+ColiGuard,Neomycin,Neomycin+ColiGuard,all_t9,pairwise.t.test
0.137405522256485,t9,PC3,Control_vs_D-Scour,Control,D-Scour,all_t9,pairwise.t.test
0.796504672073126,t9,PC3,Control_vs_ColiGuard,Control,ColiGuard,all_t9,pairwise.t.test
0.445304237860534,t9,PC3,Control_vs_Neomycin,Control,Neomycin,all_t9,pairwise.t.test
0.144174401108848,t9,PC3,Neomycin_vs_Neomycin+D-Scour,Neomycin,Neomycin+D-Scour,all_t9,pairwise.t.test
0.519018612012254,t9,PC3,Neomycin_vs_Neomycin+ColiGuard,Neomycin,Neomycin+ColiGuard,all_t9,pairwise.t.test
0.288628930864707,t9,PC4,Control_vs_D-Scour,Control,D-Scour,all_t9,pairwise.t.test
0.460862096890828,t9,PC4,Control_vs_ColiGuard,Control,ColiGuard,all_t9,pairwise.t.test
0.451037797865511,t9,PC4,Control_vs_Neomycin,Control,Neomycin,all_t9,pairwise.t.test
0.749493548274717,t9,PC4,Neomycin_vs_Neomycin+D-Scour,Neomycin,Neomycin+D-Scour,all_t9,pairwise.t.test
0.691168176675672,t9,PC4,Neomycin_vs_Neomycin+ColiGuard,Neomycin,Neomycin+ColiGuard,all_t9,pairwise.t.test
0.243615803781003,t9,PC5,Control_vs_D-Scour,Control,D-Scour,all_t9,pairwise.t.test
0.670583713365871,t9,PC5,Control_vs_ColiGuard,Control,ColiGuard,all_t9,pairwise.t.test
0.357566949479334,t9,PC5,Control_vs_Neomycin,Control,Neomycin,all_t9,pairwise.t.test
0.117542425981671,t9,PC5,Neomycin_vs_Neomycin+D-Scour,Neomycin,Neomycin+D-Scour,all_t9,pairwise.t.test
0.186838180421014,t9,PC5,Neomycin_vs_Neomycin+ColiGuard,Neomycin,Neomycin+ColiGuard,all_t9,pairwise.t.test
0.262003558888029,t0,PC1,Control_vs_D-Scour,Control,D-Scour,groupA_t0,pairwise.t.test
0.98669481226821,t0,PC1,Control_vs_ColiGuard,Control,ColiGuard,groupA_t0,pairwise.t.test
0.440263827147636,t0,PC1,Control_vs_Neomycin,Control,Neomycin,groupA_t0,pairwise.t.test
0.317094671022371,t0,PC1,Neomycin_vs_Neomycin+D-Scour,Neomycin,Neomycin+D-Scour,groupA_t0,pairwise.t.test
0.0829225769762312,t0,PC1,Neomycin_vs_Neomycin+ColiGuard,Neomycin,Neomycin+ColiGuard,groupA_t0,pairwise.t.test
0.472392097631439,t0,PC2,Control_vs_D-Scour,Control,D-Scour,groupA_t0,pairwise.t.test
0.915773969138296,t0,PC2,Control_vs_ColiGuard,Control,ColiGuard,groupA_t0,pairwise.t.test
0.724690896918563,t0,PC2,Control_vs_Neomycin,Control,Neomycin,groupA_t0,pairwise.t.test
0.603291917097034,t0,PC2,Neomycin_vs_Neomycin+D-Scour,Neomycin,Neomycin+D-Scour,groupA_t0,pairwise.t.test
0.779687096823323,t0,PC2,Neomycin_vs_Neomycin+ColiGuard,Neomycin,Neomycin+ColiGuard,groupA_t0,pairwise.t.test
0.28525135323435,t0,PC3,Control_vs_D-Scour,Control,D-Scour,groupA_t0,pairwise.t.test
0.00689944157664283,t0,PC3,Control_vs_ColiGuard,Control,ColiGuard,groupA_t0,pairwise.t.test
0.0229043990149294,t0,PC3,Control_vs_Neomycin,Control,Neomycin,groupA_t0,pairwise.t.test
0.0757782114160985,t0,PC3,Neomycin_vs_Neomycin+D-Scour,Neomycin,Neomycin+D-Scour,groupA_t0,pairwise.t.test
0.241228258087247,t0,PC3,Neomycin_vs_Neomycin+ColiGuard,Neomycin,Neomycin+ColiGuard,groupA_t0,pairwise.t.test
0.446903543295767,t0,PC4,Control_vs_D-Scour,Control,D-Scour,groupA_t0,pairwise.t.test
0.921999394330621,t0,PC4,Control_vs_ColiGuard,Control,ColiGuard,groupA_t0,pairwise.t.test
0.849646212214157,t0,PC4,Control_vs_Neomycin,Control,Neomycin,groupA_t0,pairwise.t.test
0.478475667882372,t0,PC4,Neomycin_vs_Neomycin+D-Scour,Neomycin,Neomycin+D-Scour,groupA_t0,pairwise.t.test
0.539021102414711,t0,PC4,Neomycin_vs_Neomycin+ColiGuard,Neomycin,Neomycin+ColiGuard,groupA_t0,pairwise.t.test
0.325072034286499,t0,PC5,Control_vs_D-Scour,Control,D-Scour,groupA_t0,pairwise.t.test
0.597420147209033,t0,PC5,Control_vs_ColiGuard,Control,ColiGuard,groupA_t0,pairwise.t.test
0.671860395830873,t0,PC5,Control_vs_Neomycin,Control,Neomycin,groupA_t0,pairwise.t.test
0.497796002231999,t0,PC5,Neomycin_vs_Neomycin+D-Scour,Neomycin,Neomycin+D-Scour,groupA_t0,pairwise.t.test
0.771012951457101,t0,PC5,Neomycin_vs_Neomycin+ColiGuard,Neomycin,Neomycin+ColiGuard,groupA_t0,pairwise.t.test
0.23591579007748,t2,PC1,Control_vs_D-Scour,Control,D-Scour,groupA_t2,pairwise.t.test
0.949112044274817,t2,PC1,Control_vs_ColiGuard,Control,ColiGuard,groupA_t2,pairwise.t.test
0.869982245067015,t2,PC1,Control_vs_Neomycin,Control,Neomycin,groupA_t2,pairwise.t.test
0.493904064237765,t2,PC1,Neomycin_vs_Neomycin+D-Scour,Neomycin,Neomycin+D-Scour,groupA_t2,pairwise.t.test
0.241845234907376,t2,PC1,Neomycin_vs_Neomycin+ColiGuard,Neomycin,Neomycin+ColiGuard,groupA_t2,pairwise.t.test
0.190772890138253,t2,PC2,Control_vs_D-Scour,Control,D-Scour,groupA_t2,pairwise.t.test
0.353253611084973,t2,PC2,Control_vs_ColiGuard,Control,ColiGuard,groupA_t2,pairwise.t.test
0.120131973864852,t2,PC2,Control_vs_Neomycin,Control,Neomycin,groupA_t2,pairwise.t.test
0.00755089208616015,t2,PC2,Neomycin_vs_Neomycin+D-Scour,Neomycin,Neomycin+D-Scour,groupA_t2,pairwise.t.test
0.0418520338726357,t2,PC2,Neomycin_vs_Neomycin+ColiGuard,Neomycin,Neomycin+ColiGuard,groupA_t2,pairwise.t.test
0.0892285442457082,t2,PC3,Control_vs_D-Scour,Control,D-Scour,groupA_t2,pairwise.t.test
0.667475240542052,t2,PC3,Control_vs_ColiGuard,Control,ColiGuard,groupA_t2,pairwise.t.test
0.0245670631303731,t2,PC3,Control_vs_Neomycin,Control,Neomycin,groupA_t2,pairwise.t.test
0.0598290851978125,t2,PC3,Neomycin_vs_Neomycin+D-Scour,Neomycin,Neomycin+D-Scour,groupA_t2,pairwise.t.test
0.0925046642884148,t2,PC3,Neomycin_vs_Neomycin+ColiGuard,Neomycin,Neomycin+ColiGuard,groupA_t2,pairwise.t.test
0.349362962691125,t2,PC4,Control_vs_D-Scour,Control,D-Scour,groupA_t2,pairwise.t.test
0.0736395490953594,t2,PC4,Control_vs_ColiGuard,Control,ColiGuard,groupA_t2,pairwise.t.test
0.892933154697263,t2,PC4,Control_vs_Neomycin,Control,Neomycin,groupA_t2,pairwise.t.test
0.668502417439222,t2,PC4,Neomycin_vs_Neomycin+D-Scour,Neomycin,Neomycin+D-Scour,groupA_t2,pairwise.t.test
0.225914534177898,t2,PC4,Neomycin_vs_Neomycin+ColiGuard,Neomycin,Neomycin+ColiGuard,groupA_t2,pairwise.t.test
0.118018242125604,t2,PC5,Control_vs_D-Scour,Control,D-Scour,groupA_t2,pairwise.t.test
0.0463727446210062,t2,PC5,Control_vs_ColiGuard,Control,ColiGuard,groupA_t2,pairwise.t.test
0.166303113961511,t2,PC5,Control_vs_Neomycin,Control,Neomycin,groupA_t2,pairwise.t.test
0.0946846849488058,t2,PC5,Neomycin_vs_Neomycin+D-Scour,Neomycin,Neomycin+D-Scour,groupA_t2,pairwise.t.test
0.0157090937622184,t2,PC5,Neomycin_vs_Neomycin+ColiGuard,Neomycin,Neomycin+ColiGuard,groupA_t2,pairwise.t.test
0.402739777510464,t4,PC1,Control_vs_D-Scour,Control,D-Scour,groupA_t4,pairwise.t.test
0.583899317766927,t4,PC1,Control_vs_ColiGuard,Control,ColiGuard,groupA_t4,pairwise.t.test
0.800314033211478,t4,PC1,Control_vs_Neomycin,Control,Neomycin,groupA_t4,pairwise.t.test
0.483849989242429,t4,PC1,Neomycin_vs_Neomycin+D-Scour,Neomycin,Neomycin+D-Scour,groupA_t4,pairwise.t.test
0.532218334091387,t4,PC1,Neomycin_vs_Neomycin+ColiGuard,Neomycin,Neomycin+ColiGuard,groupA_t4,pairwise.t.test
0.677329761115377,t4,PC2,Control_vs_D-Scour,Control,D-Scour,groupA_t4,pairwise.t.test
0.730186997480327,t4,PC2,Control_vs_ColiGuard,Control,ColiGuard,groupA_t4,pairwise.t.test
0.00262306125486195,t4,PC2,Control_vs_Neomycin,Control,Neomycin,groupA_t4,pairwise.t.test
0.00220151442449857,t4,PC2,Neomycin_vs_Neomycin+D-Scour,Neomycin,Neomycin+D-Scour,groupA_t4,pairwise.t.test
0.00185615183764747,t4,PC2,Neomycin_vs_Neomycin+ColiGuard,Neomycin,Neomycin+ColiGuard,groupA_t4,pairwise.t.test
0.696134914637415,t4,PC3,Control_vs_D-Scour,Control,D-Scour,groupA_t4,pairwise.t.test
0.296964692390765,t4,PC3,Control_vs_ColiGuard,Control,ColiGuard,groupA_t4,pairwise.t.test
0.54627362294677,t4,PC3,Control_vs_Neomycin,Control,Neomycin,groupA_t4,pairwise.t.test
0.122926274799874,t4,PC3,Neomycin_vs_Neomycin+D-Scour,Neomycin,Neomycin+D-Scour,groupA_t4,pairwise.t.test
0.5544237743806,t4,PC3,Neomycin_vs_Neomycin+ColiGuard,Neomycin,Neomycin+ColiGuard,groupA_t4,pairwise.t.test
0.734839398403577,t4,PC4,Control_vs_D-Scour,Control,D-Scour,groupA_t4,pairwise.t.test
0.621870945661687,t4,PC4,Control_vs_ColiGuard,Control,ColiGuard,groupA_t4,pairwise.t.test
0.170294788003419,t4,PC4,Control_vs_Neomycin,Control,Neomycin,groupA_t4,pairwise.t.test
0.452270968049777,t4,PC4,Neomycin_vs_Neomycin+D-Scour,Neomycin,Neomycin+D-Scour,groupA_t4,pairwise.t.test
0.263925396500628,t4,PC4,Neomycin_vs_Neomycin+ColiGuard,Neomycin,Neomycin+ColiGuard,groupA_t4,pairwise.t.test
0.192428527599339,t4,PC5,Control_vs_D-Scour,Control,D-Scour,groupA_t4,pairwise.t.test
0.210153915321624,t4,PC5,Control_vs_ColiGuard,Control,ColiGuard,groupA_t4,pairwise.t.test
0.250118133016198,t4,PC5,Control_vs_Neomycin,Control,Neomycin,groupA_t4,pairwise.t.test
0.857085335650484,t4,PC5,Neomycin_vs_Neomycin+D-Scour,Neomycin,Neomycin+D-Scour,groupA_t4,pairwise.t.test
0.907049461934292,t4,PC5,Neomycin_vs_Neomycin+ColiGuard,Neomycin,Neomycin+ColiGuard,groupA_t4,pairwise.t.test
0.158958450466696,t6,PC1,Control_vs_D-Scour,Control,D-Scour,groupA_t6,pairwise.t.test
0.410970970259642,t6,PC1,Control_vs_ColiGuard,Control,ColiGuard,groupA_t6,pairwise.t.test
0.782224169428383,t6,PC1,Control_vs_Neomycin,Control,Neomycin,groupA_t6,pairwise.t.test
0.883557682539161,t6,PC1,Neomycin_vs_Neomycin+D-Scour,Neomycin,Neomycin+D-Scour,groupA_t6,pairwise.t.test
0.631776657539073,t6,PC1,Neomycin_vs_Neomycin+ColiGuard,Neomycin,Neomycin+ColiGuard,groupA_t6,pairwise.t.test
0.223396067890794,t6,PC2,Control_vs_D-Scour,Control,D-Scour,groupA_t6,pairwise.t.test
0.656499066486623,t6,PC2,Control_vs_ColiGuard,Control,ColiGuard,groupA_t6,pairwise.t.test
0.894361143944871,t6,PC2,Control_vs_Neomycin,Control,Neomycin,groupA_t6,pairwise.t.test
0.756034836150745,t6,PC2,Neomycin_vs_Neomycin+D-Scour,Neomycin,Neomycin+D-Scour,groupA_t6,pairwise.t.test
0.23209529501744,t6,PC2,Neomycin_vs_Neomycin+ColiGuard,Neomycin,Neomycin+ColiGuard,groupA_t6,pairwise.t.test
0.0912272466145679,t6,PC3,Control_vs_D-Scour,Control,D-Scour,groupA_t6,pairwise.t.test
0.123810891307645,t6,PC3,Control_vs_ColiGuard,Control,ColiGuard,groupA_t6,pairwise.t.test
0.735414215254587,t6,PC3,Control_vs_Neomycin,Control,Neomycin,groupA_t6,pairwise.t.test
0.00892352911876975,t6,PC3,Neomycin_vs_Neomycin+D-Scour,Neomycin,Neomycin+D-Scour,groupA_t6,pairwise.t.test
0.173562703659102,t6,PC3,Neomycin_vs_Neomycin+ColiGuard,Neomycin,Neomycin+ColiGuard,groupA_t6,pairwise.t.test
0.460064510203033,t6,PC4,Control_vs_D-Scour,Control,D-Scour,groupA_t6,pairwise.t.test
0.199882102219243,t6,PC4,Control_vs_ColiGuard,Control,ColiGuard,groupA_t6,pairwise.t.test
0.202238094222101,t6,PC4,Control_vs_Neomycin,Control,Neomycin,groupA_t6,pairwise.t.test
0.470755947970016,t6,PC4,Neomycin_vs_Neomycin+D-Scour,Neomycin,Neomycin+D-Scour,groupA_t6,pairwise.t.test
0.741779948459936,t6,PC4,Neomycin_vs_Neomycin+ColiGuard,Neomycin,Neomycin+ColiGuard,groupA_t6,pairwise.t.test
0.777782274426336,t6,PC5,Control_vs_D-Scour,Control,D-Scour,groupA_t6,pairwise.t.test
0.47853893544689,t6,PC5,Control_vs_ColiGuard,Control,ColiGuard,groupA_t6,pairwise.t.test
0.452496587870348,t6,PC5,Control_vs_Neomycin,Control,Neomycin,groupA_t6,pairwise.t.test
0.39709868417712,t6,PC5,Neomycin_vs_Neomycin+D-Scour,Neomycin,Neomycin+D-Scour,groupA_t6,pairwise.t.test
0.486167423582501,t6,PC5,Neomycin_vs_Neomycin+ColiGuard,Neomycin,Neomycin+ColiGuard,groupA_t6,pairwise.t.test
0.337298616096064,t8,PC1,Control_vs_D-Scour,Control,D-Scour,groupA_t8,pairwise.t.test
0.818977242000343,t8,PC1,Control_vs_ColiGuard,Control,ColiGuard,groupA_t8,pairwise.t.test
0.63216582499143,t8,PC1,Control_vs_Neomycin,Control,Neomycin,groupA_t8,pairwise.t.test
0.344717929510522,t8,PC1,Neomycin_vs_Neomycin+D-Scour,Neomycin,Neomycin+D-Scour,groupA_t8,pairwise.t.test
0.52453318929702,t8,PC1,Neomycin_vs_Neomycin+ColiGuard,Neomycin,Neomycin+ColiGuard,groupA_t8,pairwise.t.test
0.355972074709619,t8,PC2,Control_vs_D-Scour,Control,D-Scour,groupA_t8,pairwise.t.test
0.585992067495478,t8,PC2,Control_vs_ColiGuard,Control,ColiGuard,groupA_t8,pairwise.t.test
0.945298781379513,t8,PC2,Control_vs_Neomycin,Control,Neomycin,groupA_t8,pairwise.t.test
0.554020866302861,t8,PC2,Neomycin_vs_Neomycin+D-Scour,Neomycin,Neomycin+D-Scour,groupA_t8,pairwise.t.test
0.216751299928808,t8,PC2,Neomycin_vs_Neomycin+ColiGuard,Neomycin,Neomycin+ColiGuard,groupA_t8,pairwise.t.test
0.887385587020625,t8,PC3,Control_vs_D-Scour,Control,D-Scour,groupA_t8,pairwise.t.test
0.879163997017117,t8,PC3,Control_vs_ColiGuard,Control,ColiGuard,groupA_t8,pairwise.t.test
0.667902348498477,t8,PC3,Control_vs_Neomycin,Control,Neomycin,groupA_t8,pairwise.t.test
0.64823395938524,t8,PC3,Neomycin_vs_Neomycin+D-Scour,Neomycin,Neomycin+D-Scour,groupA_t8,pairwise.t.test
0.0484428455251399,t8,PC3,Neomycin_vs_Neomycin+ColiGuard,Neomycin,Neomycin+ColiGuard,groupA_t8,pairwise.t.test
0.112054025377398,t8,PC4,Control_vs_D-Scour,Control,D-Scour,groupA_t8,pairwise.t.test
0.230003199568176,t8,PC4,Control_vs_ColiGuard,Control,ColiGuard,groupA_t8,pairwise.t.test
0.106995065853836,t8,PC4,Control_vs_Neomycin,Control,Neomycin,groupA_t8,pairwise.t.test
0.458456247110938,t8,PC4,Neomycin_vs_Neomycin+D-Scour,Neomycin,Neomycin+D-Scour,groupA_t8,pairwise.t.test
0.309929724339148,t8,PC4,Neomycin_vs_Neomycin+ColiGuard,Neomycin,Neomycin+ColiGuard,groupA_t8,pairwise.t.test
0.67945722128404,t8,PC5,Control_vs_D-Scour,Control,D-Scour,groupA_t8,pairwise.t.test
0.631390640851492,t8,PC5,Control_vs_ColiGuard,Control,ColiGuard,groupA_t8,pairwise.t.test
0.23859551911783,t8,PC5,Control_vs_Neomycin,Control,Neomycin,groupA_t8,pairwise.t.test
0.0676666050806284,t8,PC5,Neomycin_vs_Neomycin+D-Scour,Neomycin,Neomycin+D-Scour,groupA_t8,pairwise.t.test
0.107124729794989,t8,PC5,Neomycin_vs_Neomycin+ColiGuard,Neomycin,Neomycin+ColiGuard,groupA_t8,pairwise.t.test
0.944878858665365,t9,PC1,Neomycin_vs_Neomycin+ColiGuard,Neomycin,Neomycin+ColiGuard,groupA_t9,pairwise.t.test
0.450993369474362,t9,PC2,Neomycin_vs_Neomycin+ColiGuard,Neomycin,Neomycin+ColiGuard,groupA_t9,pairwise.t.test
0.631262865717647,t9,PC3,Neomycin_vs_Neomycin+ColiGuard,Neomycin,Neomycin+ColiGuard,groupA_t9,pairwise.t.test
0.91716413087589,t9,PC4,Neomycin_vs_Neomycin+ColiGuard,Neomycin,Neomycin+ColiGuard,groupA_t9,pairwise.t.test
0.246710734370509,t9,PC5,Neomycin_vs_Neomycin+ColiGuard,Neomycin,Neomycin+ColiGuard,groupA_t9,pairwise.t.test
0.195415374804536,t0,PC1,Control_vs_D-Scour,Control,D-Scour,groupB_t0,pairwise.t.test
0.610171264626668,t0,PC1,Control_vs_ColiGuard,Control,ColiGuard,groupB_t0,pairwise.t.test
0.067800254440969,t0,PC1,Control_vs_Neomycin,Control,Neomycin,groupB_t0,pairwise.t.test
0.156830213508288,t0,PC1,Neomycin_vs_Neomycin+D-Scour,Neomycin,Neomycin+D-Scour,groupB_t0,pairwise.t.test
0.188447104010729,t0,PC1,Neomycin_vs_Neomycin+ColiGuard,Neomycin,Neomycin+ColiGuard,groupB_t0,pairwise.t.test
0.479984534046025,t0,PC2,Control_vs_D-Scour,Control,D-Scour,groupB_t0,pairwise.t.test
0.393861628675461,t0,PC2,Control_vs_ColiGuard,Control,ColiGuard,groupB_t0,pairwise.t.test
0.961474968445642,t0,PC2,Control_vs_Neomycin,Control,Neomycin,groupB_t0,pairwise.t.test
0.537168000404373,t0,PC2,Neomycin_vs_Neomycin+D-Scour,Neomycin,Neomycin+D-Scour,groupB_t0,pairwise.t.test
0.0914370173838323,t0,PC2,Neomycin_vs_Neomycin+ColiGuard,Neomycin,Neomycin+ColiGuard,groupB_t0,pairwise.t.test
0.467004176995284,t0,PC3,Control_vs_D-Scour,Control,D-Scour,groupB_t0,pairwise.t.test
0.836656608491985,t0,PC3,Control_vs_ColiGuard,Control,ColiGuard,groupB_t0,pairwise.t.test
0.680292097129381,t0,PC3,Control_vs_Neomycin,Control,Neomycin,groupB_t0,pairwise.t.test
0.814191461080965,t0,PC3,Neomycin_vs_Neomycin+D-Scour,Neomycin,Neomycin+D-Scour,groupB_t0,pairwise.t.test
0.00080638142706084,t0,PC3,Neomycin_vs_Neomycin+ColiGuard,Neomycin,Neomycin+ColiGuard,groupB_t0,pairwise.t.test
0.380740038409098,t0,PC4,Control_vs_D-Scour,Control,D-Scour,groupB_t0,pairwise.t.test
0.985796009398628,t0,PC4,Control_vs_ColiGuard,Control,ColiGuard,groupB_t0,pairwise.t.test
0.884898901079108,t0,PC4,Control_vs_Neomycin,Control,Neomycin,groupB_t0,pairwise.t.test
0.0194278751486791,t0,PC4,Neomycin_vs_Neomycin+D-Scour,Neomycin,Neomycin+D-Scour,groupB_t0,pairwise.t.test
0.670528055006569,t0,PC4,Neomycin_vs_Neomycin+ColiGuard,Neomycin,Neomycin+ColiGuard,groupB_t0,pairwise.t.test
0.250499211041431,t0,PC5,Control_vs_D-Scour,Control,D-Scour,groupB_t0,pairwise.t.test
0.734229278203053,t0,PC5,Control_vs_ColiGuard,Control,ColiGuard,groupB_t0,pairwise.t.test
0.032709506915593,t0,PC5,Control_vs_Neomycin,Control,Neomycin,groupB_t0,pairwise.t.test
0.0641132601178301,t0,PC5,Neomycin_vs_Neomycin+D-Scour,Neomycin,Neomycin+D-Scour,groupB_t0,pairwise.t.test
0.996268002912848,t0,PC5,Neomycin_vs_Neomycin+ColiGuard,Neomycin,Neomycin+ColiGuard,groupB_t0,pairwise.t.test
0.290097538149777,t2,PC1,Control_vs_D-Scour,Control,D-Scour,groupB_t2,pairwise.t.test
0.131268697415358,t2,PC1,Control_vs_ColiGuard,Control,ColiGuard,groupB_t2,pairwise.t.test
0.609803590797394,t2,PC1,Control_vs_Neomycin,Control,Neomycin,groupB_t2,pairwise.t.test
0.949156662066991,t2,PC1,Neomycin_vs_Neomycin+D-Scour,Neomycin,Neomycin+D-Scour,groupB_t2,pairwise.t.test
0.35113081408217,t2,PC1,Neomycin_vs_Neomycin+ColiGuard,Neomycin,Neomycin+ColiGuard,groupB_t2,pairwise.t.test
0.937933293481643,t2,PC2,Control_vs_D-Scour,Control,D-Scour,groupB_t2,pairwise.t.test
0.592305526082207,t2,PC2,Control_vs_ColiGuard,Control,ColiGuard,groupB_t2,pairwise.t.test
0.531017716379224,t2,PC2,Control_vs_Neomycin,Control,Neomycin,groupB_t2,pairwise.t.test
0.178559162564395,t2,PC2,Neomycin_vs_Neomycin+D-Scour,Neomycin,Neomycin+D-Scour,groupB_t2,pairwise.t.test
0.706983566878919,t2,PC2,Neomycin_vs_Neomycin+ColiGuard,Neomycin,Neomycin+ColiGuard,groupB_t2,pairwise.t.test
0.377286731996516,t2,PC3,Control_vs_D-Scour,Control,D-Scour,groupB_t2,pairwise.t.test
0.951853808862432,t2,PC3,Control_vs_ColiGuard,Control,ColiGuard,groupB_t2,pairwise.t.test
0.994676074867407,t2,PC3,Control_vs_Neomycin,Control,Neomycin,groupB_t2,pairwise.t.test
0.324356053004059,t2,PC3,Neomycin_vs_Neomycin+D-Scour,Neomycin,Neomycin+D-Scour,groupB_t2,pairwise.t.test
0.41185828645626,t2,PC3,Neomycin_vs_Neomycin+ColiGuard,Neomycin,Neomycin+ColiGuard,groupB_t2,pairwise.t.test
0.199431297809411,t2,PC4,Control_vs_D-Scour,Control,D-Scour,groupB_t2,pairwise.t.test
0.863503170841427,t2,PC4,Control_vs_ColiGuard,Control,ColiGuard,groupB_t2,pairwise.t.test
0.86698482217854,t2,PC4,Control_vs_Neomycin,Control,Neomycin,groupB_t2,pairwise.t.test
0.334406350997554,t2,PC4,Neomycin_vs_Neomycin+D-Scour,Neomycin,Neomycin+D-Scour,groupB_t2,pairwise.t.test
0.132687082432045,t2,PC4,Neomycin_vs_Neomycin+ColiGuard,Neomycin,Neomycin+ColiGuard,groupB_t2,pairwise.t.test
0.472915859087372,t2,PC5,Control_vs_D-Scour,Control,D-Scour,groupB_t2,pairwise.t.test
0.65258779175544,t2,PC5,Control_vs_ColiGuard,Control,ColiGuard,groupB_t2,pairwise.t.test
0.665181893373208,t2,PC5,Control_vs_Neomycin,Control,Neomycin,groupB_t2,pairwise.t.test
0.53479212718075,t2,PC5,Neomycin_vs_Neomycin+D-Scour,Neomycin,Neomycin+D-Scour,groupB_t2,pairwise.t.test
0.12955833717883,t2,PC5,Neomycin_vs_Neomycin+ColiGuard,Neomycin,Neomycin+ColiGuard,groupB_t2,pairwise.t.test
0.124790162567309,t4,PC1,Control_vs_D-Scour,Control,D-Scour,groupB_t4,pairwise.t.test
0.155534654115383,t4,PC1,Control_vs_ColiGuard,Control,ColiGuard,groupB_t4,pairwise.t.test
0.149167584934915,t4,PC1,Control_vs_Neomycin,Control,Neomycin,groupB_t4,pairwise.t.test
0.463753581968152,t4,PC1,Neomycin_vs_Neomycin+D-Scour,Neomycin,Neomycin+D-Scour,groupB_t4,pairwise.t.test
0.906737847290588,t4,PC1,Neomycin_vs_Neomycin+ColiGuard,Neomycin,Neomycin+ColiGuard,groupB_t4,pairwise.t.test
0.472169225028082,t4,PC2,Control_vs_D-Scour,Control,D-Scour,groupB_t4,pairwise.t.test
0.269966299493808,t4,PC2,Control_vs_ColiGuard,Control,ColiGuard,groupB_t4,pairwise.t.test
0.318824573098947,t4,PC2,Control_vs_Neomycin,Control,Neomycin,groupB_t4,pairwise.t.test
0.275050592827355,t4,PC2,Neomycin_vs_Neomycin+D-Scour,Neomycin,Neomycin+D-Scour,groupB_t4,pairwise.t.test
0.0272104613364936,t4,PC2,Neomycin_vs_Neomycin+ColiGuard,Neomycin,Neomycin+ColiGuard,groupB_t4,pairwise.t.test
0.533014265079684,t4,PC3,Control_vs_D-Scour,Control,D-Scour,groupB_t4,pairwise.t.test
0.460054823179286,t4,PC3,Control_vs_ColiGuard,Control,ColiGuard,groupB_t4,pairwise.t.test
0.221667535942775,t4,PC3,Control_vs_Neomycin,Control,Neomycin,groupB_t4,pairwise.t.test
0.818454858483998,t4,PC3,Neomycin_vs_Neomycin+D-Scour,Neomycin,Neomycin+D-Scour,groupB_t4,pairwise.t.test
0.78121197498138,t4,PC3,Neomycin_vs_Neomycin+ColiGuard,Neomycin,Neomycin+ColiGuard,groupB_t4,pairwise.t.test
0.683335507526453,t4,PC4,Control_vs_D-Scour,Control,D-Scour,groupB_t4,pairwise.t.test
0.484404669733593,t4,PC4,Control_vs_ColiGuard,Control,ColiGuard,groupB_t4,pairwise.t.test
0.291505327092576,t4,PC4,Control_vs_Neomycin,Control,Neomycin,groupB_t4,pairwise.t.test
0.422322662685837,t4,PC4,Neomycin_vs_Neomycin+D-Scour,Neomycin,Neomycin+D-Scour,groupB_t4,pairwise.t.test
0.729730139741492,t4,PC4,Neomycin_vs_Neomycin+ColiGuard,Neomycin,Neomycin+ColiGuard,groupB_t4,pairwise.t.test
0.901375578570139,t4,PC5,Control_vs_D-Scour,Control,D-Scour,groupB_t4,pairwise.t.test
0.453404269025152,t4,PC5,Control_vs_ColiGuard,Control,ColiGuard,groupB_t4,pairwise.t.test
0.0407797669381241,t4,PC5,Control_vs_Neomycin,Control,Neomycin,groupB_t4,pairwise.t.test
0.538127181351155,t4,PC5,Neomycin_vs_Neomycin+D-Scour,Neomycin,Neomycin+D-Scour,groupB_t4,pairwise.t.test
0.164706493939348,t4,PC5,Neomycin_vs_Neomycin+ColiGuard,Neomycin,Neomycin+ColiGuard,groupB_t4,pairwise.t.test
0.41946356459164,t6,PC1,Control_vs_D-Scour,Control,D-Scour,groupB_t6,pairwise.t.test
0.384983626506031,t6,PC1,Control_vs_ColiGuard,Control,ColiGuard,groupB_t6,pairwise.t.test
0.995624420422051,t6,PC1,Control_vs_Neomycin,Control,Neomycin,groupB_t6,pairwise.t.test
0.767264731511161,t6,PC1,Neomycin_vs_Neomycin+D-Scour,Neomycin,Neomycin+D-Scour,groupB_t6,pairwise.t.test
0.0350217098096212,t6,PC2,Control_vs_D-Scour,Control,D-Scour,groupB_t6,pairwise.t.test
0.3102083369661,t6,PC2,Control_vs_ColiGuard,Control,ColiGuard,groupB_t6,pairwise.t.test
0.185284531219987,t6,PC2,Control_vs_Neomycin,Control,Neomycin,groupB_t6,pairwise.t.test
0.0583774300994082,t6,PC2,Neomycin_vs_Neomycin+D-Scour,Neomycin,Neomycin+D-Scour,groupB_t6,pairwise.t.test
0.441241281041685,t6,PC3,Control_vs_D-Scour,Control,D-Scour,groupB_t6,pairwise.t.test
0.831449424490484,t6,PC3,Control_vs_ColiGuard,Control,ColiGuard,groupB_t6,pairwise.t.test
0.706061622207267,t6,PC3,Control_vs_Neomycin,Control,Neomycin,groupB_t6,pairwise.t.test
0.22496447662488,t6,PC3,Neomycin_vs_Neomycin+D-Scour,Neomycin,Neomycin+D-Scour,groupB_t6,pairwise.t.test
0.0307404739246194,t6,PC4,Control_vs_D-Scour,Control,D-Scour,groupB_t6,pairwise.t.test
0.85852753449461,t6,PC4,Control_vs_ColiGuard,Control,ColiGuard,groupB_t6,pairwise.t.test
0.000262474664183657,t6,PC4,Control_vs_Neomycin,Control,Neomycin,groupB_t6,pairwise.t.test
0.00150441647215785,t6,PC4,Neomycin_vs_Neomycin+D-Scour,Neomycin,Neomycin+D-Scour,groupB_t6,pairwise.t.test
0.456055844316796,t6,PC5,Control_vs_D-Scour,Control,D-Scour,groupB_t6,pairwise.t.test
0.467555185295816,t6,PC5,Control_vs_ColiGuard,Control,ColiGuard,groupB_t6,pairwise.t.test
0.497063479429522,t6,PC5,Control_vs_Neomycin,Control,Neomycin,groupB_t6,pairwise.t.test
0.333993335233672,t6,PC5,Neomycin_vs_Neomycin+D-Scour,Neomycin,Neomycin+D-Scour,groupB_t6,pairwise.t.test
0.321966331201733,t8,PC1,Control_vs_D-Scour,Control,D-Scour,groupB_t8,pairwise.t.test
0.960825875773546,t8,PC1,Control_vs_ColiGuard,Control,ColiGuard,groupB_t8,pairwise.t.test
0.422509392541163,t8,PC1,Control_vs_Neomycin,Control,Neomycin,groupB_t8,pairwise.t.test
0.593020312964878,t8,PC1,Neomycin_vs_Neomycin+D-Scour,Neomycin,Neomycin+D-Scour,groupB_t8,pairwise.t.test
0.296491031276457,t8,PC2,Control_vs_D-Scour,Control,D-Scour,groupB_t8,pairwise.t.test
0.112233704169598,t8,PC2,Control_vs_ColiGuard,Control,ColiGuard,groupB_t8,pairwise.t.test
0.31285718624898,t8,PC2,Control_vs_Neomycin,Control,Neomycin,groupB_t8,pairwise.t.test
0.420832719935149,t8,PC2,Neomycin_vs_Neomycin+D-Scour,Neomycin,Neomycin+D-Scour,groupB_t8,pairwise.t.test
0.384691511637402,t8,PC3,Control_vs_D-Scour,Control,D-Scour,groupB_t8,pairwise.t.test
0.941470803227386,t8,PC3,Control_vs_ColiGuard,Control,ColiGuard,groupB_t8,pairwise.t.test
0.575013870106367,t8,PC3,Control_vs_Neomycin,Control,Neomycin,groupB_t8,pairwise.t.test
0.915360196097753,t8,PC3,Neomycin_vs_Neomycin+D-Scour,Neomycin,Neomycin+D-Scour,groupB_t8,pairwise.t.test
0.269895169287531,t8,PC4,Control_vs_D-Scour,Control,D-Scour,groupB_t8,pairwise.t.test
0.108375448343791,t8,PC4,Control_vs_ColiGuard,Control,ColiGuard,groupB_t8,pairwise.t.test
0.0404603599417885,t8,PC4,Control_vs_Neomycin,Control,Neomycin,groupB_t8,pairwise.t.test
0.712498646297533,t8,PC4,Neomycin_vs_Neomycin+D-Scour,Neomycin,Neomycin+D-Scour,groupB_t8,pairwise.t.test
0.762069675626816,t8,PC5,Control_vs_D-Scour,Control,D-Scour,groupB_t8,pairwise.t.test
0.469021314785008,t8,PC5,Control_vs_ColiGuard,Control,ColiGuard,groupB_t8,pairwise.t.test
0.523373103447265,t8,PC5,Control_vs_Neomycin,Control,Neomycin,groupB_t8,pairwise.t.test
0.471140532731228,t8,PC5,Neomycin_vs_Neomycin+D-Scour,Neomycin,Neomycin+D-Scour,groupB_t8,pairwise.t.test
0.506235447499696,t9,PC1,Control_vs_D-Scour,Control,D-Scour,groupB_t9,pairwise.t.test
0.600675807475721,t9,PC1,Control_vs_ColiGuard,Control,ColiGuard,groupB_t9,pairwise.t.test
0.47310189886811,t9,PC1,Control_vs_Neomycin,Control,Neomycin,groupB_t9,pairwise.t.test
0.583324843328635,t9,PC1,Neomycin_vs_Neomycin+D-Scour,Neomycin,Neomycin+D-Scour,groupB_t9,pairwise.t.test
0.67946497618823,t9,PC2,Control_vs_D-Scour,Control,D-Scour,groupB_t9,pairwise.t.test
0.928311487878958,t9,PC2,Control_vs_ColiGuard,Control,ColiGuard,groupB_t9,pairwise.t.test
0.794433095918669,t9,PC2,Control_vs_Neomycin,Control,Neomycin,groupB_t9,pairwise.t.test
0.989862244495699,t9,PC2,Neomycin_vs_Neomycin+D-Scour,Neomycin,Neomycin+D-Scour,groupB_t9,pairwise.t.test
0.157981068629691,t9,PC3,Control_vs_D-Scour,Control,D-Scour,groupB_t9,pairwise.t.test
0.666373870929425,t9,PC3,Control_vs_ColiGuard,Control,ColiGuard,groupB_t9,pairwise.t.test
0.865312167744687,t9,PC3,Control_vs_Neomycin,Control,Neomycin,groupB_t9,pairwise.t.test
0.314954257813003,t9,PC3,Neomycin_vs_Neomycin+D-Scour,Neomycin,Neomycin+D-Scour,groupB_t9,pairwise.t.test
0.252746153665783,t9,PC4,Control_vs_D-Scour,Control,D-Scour,groupB_t9,pairwise.t.test
0.254349870855274,t9,PC4,Control_vs_ColiGuard,Control,ColiGuard,groupB_t9,pairwise.t.test
0.987081271431895,t9,PC4,Control_vs_Neomycin,Control,Neomycin,groupB_t9,pairwise.t.test
0.820657283526976,t9,PC4,Neomycin_vs_Neomycin+D-Scour,Neomycin,Neomycin+D-Scour,groupB_t9,pairwise.t.test
0.82083327016511,t9,PC5,Control_vs_D-Scour,Control,D-Scour,groupB_t9,pairwise.t.test
0.571344640560925,t9,PC5,Control_vs_ColiGuard,Control,ColiGuard,groupB_t9,pairwise.t.test
0.970625614777649,t9,PC5,Control_vs_Neomycin,Control,Neomycin,groupB_t9,pairwise.t.test
0.765150773348361,t9,PC5,Neomycin_vs_Neomycin+D-Scour,Neomycin,Neomycin+D-Scour,groupB_t9,pairwise.t.test
0.58576158991541,t0,PC1,Control_vs_Neomycin,Control,Neomycin,groupC_t0,pairwise.t.test
0.0339543575118149,t0,PC2,Control_vs_Neomycin,Control,Neomycin,groupC_t0,pairwise.t.test
0.761937528170193,t0,PC3,Control_vs_Neomycin,Control,Neomycin,groupC_t0,pairwise.t.test
0.000205445693606934,t0,PC4,Control_vs_Neomycin,Control,Neomycin,groupC_t0,pairwise.t.test
0.902672227883874,t0,PC5,Control_vs_Neomycin,Control,Neomycin,groupC_t0,pairwise.t.test
0.944852901426688,t2,PC1,Control_vs_Neomycin,Control,Neomycin,groupC_t2,pairwise.t.test
0.401928412465342,t2,PC2,Control_vs_Neomycin,Control,Neomycin,groupC_t2,pairwise.t.test
0.263977361282155,t2,PC3,Control_vs_Neomycin,Control,Neomycin,groupC_t2,pairwise.t.test
0.331088230050232,t2,PC4,Control_vs_Neomycin,Control,Neomycin,groupC_t2,pairwise.t.test
0.875317732833929,t2,PC5,Control_vs_Neomycin,Control,Neomycin,groupC_t2,pairwise.t.test
0.222951766409391,t4,PC1,Control_vs_Neomycin,Control,Neomycin,groupC_t4,pairwise.t.test
0.919461064958312,t4,PC2,Control_vs_Neomycin,Control,Neomycin,groupC_t4,pairwise.t.test
0.298213595816294,t4,PC3,Control_vs_Neomycin,Control,Neomycin,groupC_t4,pairwise.t.test
0.0277084624411054,t4,PC4,Control_vs_Neomycin,Control,Neomycin,groupC_t4,pairwise.t.test
0.184009729658737,t4,PC5,Control_vs_Neomycin,Control,Neomycin,groupC_t4,pairwise.t.test
0.348754567691847,t6,PC1,Control_vs_Neomycin,Control,Neomycin,groupC_t6,pairwise.t.test
0.484441714215857,t6,PC2,Control_vs_Neomycin,Control,Neomycin,groupC_t6,pairwise.t.test
0.857312351564161,t6,PC3,Control_vs_Neomycin,Control,Neomycin,groupC_t6,pairwise.t.test
0.0371859875055366,t6,PC4,Control_vs_Neomycin,Control,Neomycin,groupC_t6,pairwise.t.test
0.634784856718946,t6,PC5,Control_vs_Neomycin,Control,Neomycin,groupC_t6,pairwise.t.test
0.436919414117435,t8,PC1,Control_vs_Neomycin,Control,Neomycin,groupC_t8,pairwise.t.test
0.56769498425088,t8,PC2,Control_vs_Neomycin,Control,Neomycin,groupC_t8,pairwise.t.test
0.00320352535129845,t8,PC3,Control_vs_Neomycin,Control,Neomycin,groupC_t8,pairwise.t.test
0.563411068883866,t8,PC4,Control_vs_Neomycin,Control,Neomycin,groupC_t8,pairwise.t.test
0.0929538316324958,t8,PC5,Control_vs_Neomycin,Control,Neomycin,groupC_t8,pairwise.t.test
0.483201094951356,t9,PC1,Control_vs_Neomycin,Control,Neomycin,groupC_t9,pairwise.t.test
0.331137459189352,t9,PC2,Control_vs_Neomycin,Control,Neomycin,groupC_t9,pairwise.t.test
0.906486936228452,t9,PC3,Control_vs_Neomycin,Control,Neomycin,groupC_t9,pairwise.t.test
0.990003676882622,t9,PC4,Control_vs_Neomycin,Control,Neomycin,groupC_t9,pairwise.t.test
0.0399674882858151,t9,PC5,Control_vs_Neomycin,Control,Neomycin,groupC_t9,pairwise.t.test
0.861929778516402,t0,PC1,Neomycin_vs_Neomycin+D-Scour,Neomycin,Neomycin+D-Scour,groupD_t0,pairwise.t.test
0.33807092865316,t0,PC2,Neomycin_vs_Neomycin+D-Scour,Neomycin,Neomycin+D-Scour,groupD_t0,pairwise.t.test
0.9910849165622,t0,PC3,Neomycin_vs_Neomycin+D-Scour,Neomycin,Neomycin+D-Scour,groupD_t0,pairwise.t.test
0.121771651187244,t0,PC4,Neomycin_vs_Neomycin+D-Scour,Neomycin,Neomycin+D-Scour,groupD_t0,pairwise.t.test
0.0223573120406749,t0,PC5,Neomycin_vs_Neomycin+D-Scour,Neomycin,Neomycin+D-Scour,groupD_t0,pairwise.t.test
0.42036217488655,t2,PC1,Neomycin_vs_Neomycin+D-Scour,Neomycin,Neomycin+D-Scour,groupD_t2,pairwise.t.test
0.91598204163661,t2,PC2,Neomycin_vs_Neomycin+D-Scour,Neomycin,Neomycin+D-Scour,groupD_t2,pairwise.t.test
0.428346902748674,t2,PC3,Neomycin_vs_Neomycin+D-Scour,Neomycin,Neomycin+D-Scour,groupD_t2,pairwise.t.test
0.952912882312368,t2,PC4,Neomycin_vs_Neomycin+D-Scour,Neomycin,Neomycin+D-Scour,groupD_t2,pairwise.t.test
0.647640272236814,t2,PC5,Neomycin_vs_Neomycin+D-Scour,Neomycin,Neomycin+D-Scour,groupD_t2,pairwise.t.test
0.557194390171887,t4,PC1,Neomycin_vs_Neomycin+D-Scour,Neomycin,Neomycin+D-Scour,groupD_t4,pairwise.t.test
0.901385010746276,t4,PC2,Neomycin_vs_Neomycin+D-Scour,Neomycin,Neomycin+D-Scour,groupD_t4,pairwise.t.test
0.57965107171337,t4,PC3,Neomycin_vs_Neomycin+D-Scour,Neomycin,Neomycin+D-Scour,groupD_t4,pairwise.t.test
0.0843454543953746,t4,PC4,Neomycin_vs_Neomycin+D-Scour,Neomycin,Neomycin+D-Scour,groupD_t4,pairwise.t.test
0.611254024451953,t4,PC5,Neomycin_vs_Neomycin+D-Scour,Neomycin,Neomycin+D-Scour,groupD_t4,pairwise.t.test
0.918669726850519,t6,PC1,Neomycin_vs_Neomycin+D-Scour,Neomycin,Neomycin+D-Scour,groupD_t6,pairwise.t.test
0.000483116851784169,t6,PC2,Neomycin_vs_Neomycin+D-Scour,Neomycin,Neomycin+D-Scour,groupD_t6,pairwise.t.test
0.532778271702603,t6,PC3,Neomycin_vs_Neomycin+D-Scour,Neomycin,Neomycin+D-Scour,groupD_t6,pairwise.t.test
0.960011573252627,t6,PC4,Neomycin_vs_Neomycin+D-Scour,Neomycin,Neomycin+D-Scour,groupD_t6,pairwise.t.test
0.0507556171466852,t6,PC5,Neomycin_vs_Neomycin+D-Scour,Neomycin,Neomycin+D-Scour,groupD_t6,pairwise.t.test
0.814273825276061,t8,PC1,Neomycin_vs_Neomycin+D-Scour,Neomycin,Neomycin+D-Scour,groupD_t8,pairwise.t.test
0.834623055096817,t8,PC2,Neomycin_vs_Neomycin+D-Scour,Neomycin,Neomycin+D-Scour,groupD_t8,pairwise.t.test
0.509849114053093,t8,PC3,Neomycin_vs_Neomycin+D-Scour,Neomycin,Neomycin+D-Scour,groupD_t8,pairwise.t.test
0.940206283062817,t8,PC4,Neomycin_vs_Neomycin+D-Scour,Neomycin,Neomycin+D-Scour,groupD_t8,pairwise.t.test
0.31280112847815,t8,PC5,Neomycin_vs_Neomycin+D-Scour,Neomycin,Neomycin+D-Scour,groupD_t8,pairwise.t.test
0.956195266855348,t9,PC1,Neomycin_vs_Neomycin+D-Scour,Neomycin,Neomycin+D-Scour,groupD_t9,pairwise.t.test
0.438350145287866,t9,PC2,Neomycin_vs_Neomycin+D-Scour,Neomycin,Neomycin+D-Scour,groupD_t9,pairwise.t.test
0.802304235786796,t9,PC3,Neomycin_vs_Neomycin+D-Scour,Neomycin,Neomycin+D-Scour,groupD_t9,pairwise.t.test
0.375185736604549,t9,PC4,Neomycin_vs_Neomycin+D-Scour,Neomycin,Neomycin+D-Scour,groupD_t9,pairwise.t.test
0.000221910566910224,t9,PC5,Neomycin_vs_Neomycin+D-Scour,Neomycin,Neomycin+D-Scour,groupD_t9,pairwise.t.test
0.0944064732709286,t0,PC1,Neomycin_vs_Neomycin+ColiGuard,Neomycin,Neomycin+ColiGuard,groupE_t0,pairwise.t.test
0.892937758173939,t0,PC2,Neomycin_vs_Neomycin+ColiGuard,Neomycin,Neomycin+ColiGuard,groupE_t0,pairwise.t.test
0.461833076281923,t0,PC3,Neomycin_vs_Neomycin+ColiGuard,Neomycin,Neomycin+ColiGuard,groupE_t0,pairwise.t.test
0.129746674936221,t0,PC4,Neomycin_vs_Neomycin+ColiGuard,Neomycin,Neomycin+ColiGuard,groupE_t0,pairwise.t.test
0.0230408374006844,t0,PC5,Neomycin_vs_Neomycin+ColiGuard,Neomycin,Neomycin+ColiGuard,groupE_t0,pairwise.t.test
0.297735036233881,t2,PC1,Neomycin_vs_Neomycin+ColiGuard,Neomycin,Neomycin+ColiGuard,groupE_t2,pairwise.t.test
0.135364908298859,t2,PC2,Neomycin_vs_Neomycin+ColiGuard,Neomycin,Neomycin+ColiGuard,groupE_t2,pairwise.t.test
0.960527329931046,t2,PC3,Neomycin_vs_Neomycin+ColiGuard,Neomycin,Neomycin+ColiGuard,groupE_t2,pairwise.t.test
0.596511214395121,t2,PC4,Neomycin_vs_Neomycin+ColiGuard,Neomycin,Neomycin+ColiGuard,groupE_t2,pairwise.t.test
0.468058002853406,t2,PC5,Neomycin_vs_Neomycin+ColiGuard,Neomycin,Neomycin+ColiGuard,groupE_t2,pairwise.t.test
0.17377770557454,t4,PC1,Neomycin_vs_Neomycin+ColiGuard,Neomycin,Neomycin+ColiGuard,groupE_t4,pairwise.t.test
0.396788986135215,t4,PC2,Neomycin_vs_Neomycin+ColiGuard,Neomycin,Neomycin+ColiGuard,groupE_t4,pairwise.t.test
0.775781781419958,t4,PC3,Neomycin_vs_Neomycin+ColiGuard,Neomycin,Neomycin+ColiGuard,groupE_t4,pairwise.t.test
0.178361300560371,t4,PC4,Neomycin_vs_Neomycin+ColiGuard,Neomycin,Neomycin+ColiGuard,groupE_t4,pairwise.t.test
0.831865149283345,t4,PC5,Neomycin_vs_Neomycin+ColiGuard,Neomycin,Neomycin+ColiGuard,groupE_t4,pairwise.t.test
0.316638607072278,t6,PC1,Neomycin_vs_Neomycin+ColiGuard,Neomycin,Neomycin+ColiGuard,groupE_t6,pairwise.t.test
0.939783993737998,t6,PC2,Neomycin_vs_Neomycin+ColiGuard,Neomycin,Neomycin+ColiGuard,groupE_t6,pairwise.t.test
0.917953817013084,t6,PC3,Neomycin_vs_Neomycin+ColiGuard,Neomycin,Neomycin+ColiGuard,groupE_t6,pairwise.t.test
0.014263908047635,t6,PC4,Neomycin_vs_Neomycin+ColiGuard,Neomycin,Neomycin+ColiGuard,groupE_t6,pairwise.t.test
0.767710035188467,t6,PC5,Neomycin_vs_Neomycin+ColiGuard,Neomycin,Neomycin+ColiGuard,groupE_t6,pairwise.t.test
0.940010701183274,t8,PC1,Neomycin_vs_Neomycin+ColiGuard,Neomycin,Neomycin+ColiGuard,groupE_t8,pairwise.t.test
0.662811732649327,t8,PC2,Neomycin_vs_Neomycin+ColiGuard,Neomycin,Neomycin+ColiGuard,groupE_t8,pairwise.t.test
0.0373769014201469,t8,PC3,Neomycin_vs_Neomycin+ColiGuard,Neomycin,Neomycin+ColiGuard,groupE_t8,pairwise.t.test
0.408114164406538,t8,PC4,Neomycin_vs_Neomycin+ColiGuard,Neomycin,Neomycin+ColiGuard,groupE_t8,pairwise.t.test
0.0783375950516804,t8,PC5,Neomycin_vs_Neomycin+ColiGuard,Neomycin,Neomycin+ColiGuard,groupE_t8,pairwise.t.test
0.500885652694251,t9,PC1,Neomycin_vs_Neomycin+ColiGuard,Neomycin,Neomycin+ColiGuard,groupE_t9,pairwise.t.test
0.467205951045893,t9,PC2,Neomycin_vs_Neomycin+ColiGuard,Neomycin,Neomycin+ColiGuard,groupE_t9,pairwise.t.test
0.215721484147146,t9,PC3,Neomycin_vs_Neomycin+ColiGuard,Neomycin,Neomycin+ColiGuard,groupE_t9,pairwise.t.test
0.126734242302892,t9,PC4,Neomycin_vs_Neomycin+ColiGuard,Neomycin,Neomycin+ColiGuard,groupE_t9,pairwise.t.test
0.890461217091833,t9,PC5,Neomycin_vs_Neomycin+ColiGuard,Neomycin,Neomycin+ColiGuard,groupE_t9,pairwise.t.test
0.282436270999491,t0,PC1,Control_vs_D-Scour,Control,D-Scour,groupF_t0,pairwise.t.test
0.186478484116686,t0,PC2,Control_vs_D-Scour,Control,D-Scour,groupF_t0,pairwise.t.test
0.300591920254976,t0,PC3,Control_vs_D-Scour,Control,D-Scour,groupF_t0,pairwise.t.test
0.36015580965088,t0,PC4,Control_vs_D-Scour,Control,D-Scour,groupF_t0,pairwise.t.test
0.617103422116038,t0,PC5,Control_vs_D-Scour,Control,D-Scour,groupF_t0,pairwise.t.test
0.812136384776572,t2,PC1,Control_vs_D-Scour,Control,D-Scour,groupF_t2,pairwise.t.test
0.848626951521613,t2,PC2,Control_vs_D-Scour,Control,D-Scour,groupF_t2,pairwise.t.test
0.00888348285756136,t2,PC3,Control_vs_D-Scour,Control,D-Scour,groupF_t2,pairwise.t.test
0.537304742221563,t2,PC4,Control_vs_D-Scour,Control,D-Scour,groupF_t2,pairwise.t.test
0.308925361048878,t2,PC5,Control_vs_D-Scour,Control,D-Scour,groupF_t2,pairwise.t.test
0.162745213246764,t4,PC1,Control_vs_D-Scour,Control,D-Scour,groupF_t4,pairwise.t.test
0.417522461708907,t4,PC2,Control_vs_D-Scour,Control,D-Scour,groupF_t4,pairwise.t.test
0.374822945032199,t4,PC3,Control_vs_D-Scour,Control,D-Scour,groupF_t4,pairwise.t.test
0.70433954466142,t4,PC4,Control_vs_D-Scour,Control,D-Scour,groupF_t4,pairwise.t.test
0.615224792882552,t4,PC5,Control_vs_D-Scour,Control,D-Scour,groupF_t4,pairwise.t.test
0.146238343815582,t6,PC1,Control_vs_D-Scour,Control,D-Scour,groupF_t6,pairwise.t.test
0.0106286055217313,t6,PC2,Control_vs_D-Scour,Control,D-Scour,groupF_t6,pairwise.t.test
0.700545529306486,t6,PC3,Control_vs_D-Scour,Control,D-Scour,groupF_t6,pairwise.t.test
0.387604340242597,t6,PC4,Control_vs_D-Scour,Control,D-Scour,groupF_t6,pairwise.t.test
0.968273661994499,t6,PC5,Control_vs_D-Scour,Control,D-Scour,groupF_t6,pairwise.t.test
0.121539384264065,t8,PC1,Control_vs_D-Scour,Control,D-Scour,groupF_t8,pairwise.t.test
0.0838532866067221,t8,PC2,Control_vs_D-Scour,Control,D-Scour,groupF_t8,pairwise.t.test
0.0366228168361154,t8,PC3,Control_vs_D-Scour,Control,D-Scour,groupF_t8,pairwise.t.test
0.584101265227675,t8,PC4,Control_vs_D-Scour,Control,D-Scour,groupF_t8,pairwise.t.test
0.316347913857192,t8,PC5,Control_vs_D-Scour,Control,D-Scour,groupF_t8,pairwise.t.test
0.762688280753357,t9,PC1,Control_vs_D-Scour,Control,D-Scour,groupF_t9,pairwise.t.test
0.344397483944441,t9,PC2,Control_vs_D-Scour,Control,D-Scour,groupF_t9,pairwise.t.test
0.150431031591645,t9,PC3,Control_vs_D-Scour,Control,D-Scour,groupF_t9,pairwise.t.test
0.438114442140067,t9,PC4,Control_vs_D-Scour,Control,D-Scour,groupF_t9,pairwise.t.test
0.278143820408575,t9,PC5,Control_vs_D-Scour,Control,D-Scour,groupF_t9,pairwise.t.test
0.623930913830261,t0,PC1,Control_vs_ColiGuard,Control,ColiGuard,groupG_t0,pairwise.t.test
0.581643410538485,t0,PC2,Control_vs_ColiGuard,Control,ColiGuard,groupG_t0,pairwise.t.test
0.88579409570132,t0,PC3,Control_vs_ColiGuard,Control,ColiGuard,groupG_t0,pairwise.t.test
0.0646090143388435,t0,PC4,Control_vs_ColiGuard,Control,ColiGuard,groupG_t0,pairwise.t.test
0.867858029443757,t0,PC5,Control_vs_ColiGuard,Control,ColiGuard,groupG_t0,pairwise.t.test
0.999122561690317,t2,PC1,Control_vs_ColiGuard,Control,ColiGuard,groupG_t2,pairwise.t.test
0.856887444703913,t2,PC2,Control_vs_ColiGuard,Control,ColiGuard,groupG_t2,pairwise.t.test
0.467276331677462,t2,PC3,Control_vs_ColiGuard,Control,ColiGuard,groupG_t2,pairwise.t.test
0.706544376609185,t2,PC4,Control_vs_ColiGuard,Control,ColiGuard,groupG_t2,pairwise.t.test
0.000372186778318047,t2,PC5,Control_vs_ColiGuard,Control,ColiGuard,groupG_t2,pairwise.t.test
0.030184789901978,t4,PC1,Control_vs_ColiGuard,Control,ColiGuard,groupG_t4,pairwise.t.test
0.308886633152092,t4,PC2,Control_vs_ColiGuard,Control,ColiGuard,groupG_t4,pairwise.t.test
0.13374789194345,t4,PC3,Control_vs_ColiGuard,Control,ColiGuard,groupG_t4,pairwise.t.test
0.95831226808729,t4,PC4,Control_vs_ColiGuard,Control,ColiGuard,groupG_t4,pairwise.t.test
0.920979675725733,t4,PC5,Control_vs_ColiGuard,Control,ColiGuard,groupG_t4,pairwise.t.test
0.319668826099142,t6,PC1,Control_vs_ColiGuard,Control,ColiGuard,groupG_t6,pairwise.t.test
0.434381496141028,t6,PC2,Control_vs_ColiGuard,Control,ColiGuard,groupG_t6,pairwise.t.test
0.981329736613305,t6,PC3,Control_vs_ColiGuard,Control,ColiGuard,groupG_t6,pairwise.t.test
0.725135547166359,t6,PC4,Control_vs_ColiGuard,Control,ColiGuard,groupG_t6,pairwise.t.test
0.887758711982165,t6,PC5,Control_vs_ColiGuard,Control,ColiGuard,groupG_t6,pairwise.t.test
0.42460335815317,t8,PC1,Control_vs_ColiGuard,Control,ColiGuard,groupG_t8,pairwise.t.test
0.656862215259659,t8,PC2,Control_vs_ColiGuard,Control,ColiGuard,groupG_t8,pairwise.t.test
0.00860408287898313,t8,PC3,Control_vs_ColiGuard,Control,ColiGuard,groupG_t8,pairwise.t.test
0.160861782741091,t8,PC4,Control_vs_ColiGuard,Control,ColiGuard,groupG_t8,pairwise.t.test
0.601747801333156,t8,PC5,Control_vs_ColiGuard,Control,ColiGuard,groupG_t8,pairwise.t.test
0.973640936294773,t9,PC1,Control_vs_ColiGuard,Control,ColiGuard,groupG_t9,pairwise.t.test
0.420221758142936,t9,PC2,Control_vs_ColiGuard,Control,ColiGuard,groupG_t9,pairwise.t.test
0.602366403238317,t9,PC3,Control_vs_ColiGuard,Control,ColiGuard,groupG_t9,pairwise.t.test
0.61061772436222,t9,PC4,Control_vs_ColiGuard,Control,ColiGuard,groupG_t9,pairwise.t.test
0.154326532716654,t9,PC5,Control_vs_ColiGuard,Control,ColiGuard,groupG_t9,pairwise.t.test
